sq,x,y
NF09,0,890
NA00,0,900
NF19,10,890
NA10,10,900
NL57,50,770
NL58,50,780
NF56,50,860
NF58,50,880
NL68,60,780
NL69,60,790
NF60,60,800
NF61,60,810
NF66,60,860
NF67,60,870
NF68,60,880
NA64,60,940
NL79,70,790
NF70,70,800
NF71,70,810
NF72,70,820
NF73,70,830
NF74,70,840
NF75,70,850
NF76,70,860
NF77,70,870
NA74,70,940
SV80,80,0
SV81,80,10
NL82,80,720
NF80,80,800
NF81,80,810
NF82,80,820
NF83,80,830
NF84,80,840
NF85,80,850
NF86,80,860
NF87,80,870
NF88,80,880
NF89,80,890
NA81,80,910
SV90,90,0
SV91,90,10
NL94,90,740
NF95,90,850
NF96,90,860
NF97,90,870
NF98,90,880
NF99,90,890
NA90,90,900
NA91,90,910
NA92,90,920
NA93,90,930
NM04,100,740
NM05,100,750
NG07,100,870
NG08,100,880
NG09,100,890
NB00,100,900
NB01,100,910
NB02,100,920
NB03,100,930
NB04,100,940
NR15,110,650
NR16,110,660
NM10,110,700
NM14,110,740
NM15,110,750
NM16,110,760
NM19,110,790
NG10,110,800
NG13,110,830
NG14,110,840
NG15,110,850
NG18,110,880
NG19,110,890
NB10,110,900
NB11,110,910
NB12,110,920
NB13,110,930
NB14,110,940
SW21,120,10
NR24,120,640
NR25,120,650
NR26,120,660
NR27,120,670
NM21,120,710
NM22,120,720
NM23,120,730
NM24,120,740
NM25,120,750
NM26,120,760
NM29,120,790
NG20,120,800
NG23,120,830
NG24,120,840
NG25,120,850
NG26,120,860
NG29,120,890
NB20,120,900
NB21,120,910
NB22,120,920
NB23,120,930
NB24,120,940
NB25,120,950
SW32,130,20
SW33,130,30
NR33,130,630
NR34,130,640
NR35,130,650
NR36,130,660
NR37,130,670
NR38,130,680
NR39,130,690
NM31,130,710
NM32,130,720
NM33,130,730
NM34,130,740
NM35,130,750
NM37,130,770
NM38,130,780
NM39,130,790
NG30,130,800
NG31,130,810
NG32,130,820
NG33,130,830
NG34,130,840
NG35,130,850
NG36,130,860
NG37,130,870
NG38,130,880
NG39,130,890
NB30,130,900
NB31,130,910
NB32,130,920
NB33,130,930
NB34,130,940
NB35,130,950
SW42,140,20
SW43,140,30
SW44,140,40
SM40,140,200
NR44,140,640
NR45,140,650
NR46,140,660
NR47,140,670
NR48,140,680
NR49,140,690
NM40,140,700
NM41,140,710
NM42,140,720
NM43,140,730
NM44,140,740
NM45,140,750
NM46,140,760
NM47,140,770
NM48,140,780
NM49,140,790
NG40,140,800
NG41,140,810
NG42,140,820
NG43,140,830
NG44,140,840
NG45,140,850
NG46,140,860
NG47,140,870
NG49,140,890
NB40,140,900
NB41,140,910
NB42,140,920
NB43,140,930
NB44,140,940
NB45,140,950
NB46,140,960
SW52,150,20
SW53,150,30
SW54,150,40
SM50,150,200
NR50,150,600
NR51,150,610
NR56,150,660
NR57,150,670
NR58,150,680
NR59,150,690
NM51,150,710
NM52,150,720
NM53,150,730
NM54,150,740
NM55,150,750
NM56,150,760
NM57,150,770
NM59,150,790
NG50,150,800
NG51,150,810
NG52,150,820
NG53,150,830
NG54,150,840
NG55,150,850
NG56,150,860
NB52,150,920
NB53,150,930
NB54,150,940
NB55,150,950
NB56,150,960
HW55,150,1050
SW61,160,10
SW62,160,20
SW63,160,30
SW64,160,40
SW65,160,50
SM62,160,220
NR60,160,600
NR61,160,610
NR62,160,620
NR63,160,630
NR64,160,640
NR65,160,650
NR67,160,670
NR68,160,680
NR69,160,690
NM60,160,700
NM61,160,710
NM62,160,720
NM63,160,730
NM64,160,740
NM65,160,750
NM66,160,760
NM67,160,770
NM68,160,780
NM69,160,790
NG60,160,800
NG61,160,810
NG62,160,820
NG63,160,830
NG64,160,840
NG65,160,850
NG66,160,860
HW62,160,1020
HW63,160,1030
SW71,170,10
SW72,170,20
SW73,170,30
SW74,170,40
SW75,170,50
SW76,170,60
SM70,170,200
SM71,170,210
SM72,170,220
SM73,170,230
NR70,170,600
NR71,170,610
NR72,170,620
NR73,170,630
NR74,170,640
NR75,170,650
NR76,170,660
NR77,170,670
NR78,170,680
NR79,170,690
NM70,170,700
NM71,170,710
NM72,170,720
NM73,170,730
NM74,170,740
NM75,170,750
NM76,170,760
NM77,170,770
NM78,170,780
NM79,170,790
NG70,170,800
NG71,170,810
NG72,170,820
NG73,170,830
NG74,170,840
NG75,170,850
NG76,170,860
NG77,170,870
NG78,170,880
NG79,170,890
SW81,180,10
SW82,180,20
SW83,180,30
SW84,180,40
SW85,180,50
SW86,180,60
SW87,180,70
SR89,180,190
SM80,180,200
SM81,180,210
SM82,180,220
SM83,180,230
SM84,180,240
NR82,180,620
NR83,180,630
NR84,180,640
NR85,180,650
NR86,180,660
NR87,180,670
NR88,180,680
NR89,180,690
NM80,180,700
NM81,180,710
NM82,180,720
NM83,180,730
NM84,180,740
NM85,180,750
NM86,180,760
NM87,180,770
NM88,180,780
NM89,180,790
NG80,180,800
NG81,180,810
NG82,180,820
NG83,180,830
NG84,180,840
NG85,180,850
NG86,180,860
NG87,180,870
NG88,180,880
NG89,180,890
HW83,180,1030
SW93,190,30
SW94,190,40
SW95,190,50
SW96,190,60
SW97,190,70
SW98,190,80
SR99,190,190
SM90,190,200
SM91,190,210
SM92,190,220
SM93,190,230
SM94,190,240
NW95,190,550
NW96,190,560
NW97,190,570
NR92,190,620
NR93,190,630
NR94,190,640
NR95,190,650
NR96,190,660
NR97,190,670
NR98,190,680
NR99,190,690
NM90,190,700
NM91,190,710
NM92,190,720
NM93,190,730
NM94,190,740
NM95,190,750
NM96,190,760
NM97,190,770
NM98,190,780
NM99,190,790
NG90,190,800
NG91,190,810
NG92,190,820
NG93,190,830
NG94,190,840
NG95,190,850
NG96,190,860
NG97,190,870
NG98,190,880
NG99,190,890
NB90,190,900
NB91,190,910
NB92,190,920
SX03,200,30
SX04,200,40
SX05,200,50
SX06,200,60
SX07,200,70
SX08,200,80
SX09,200,90
SS09,200,190
SN00,200,200
SN01,200,210
SN02,200,220
SN03,200,230
SN04,200,240
NX03,200,530
NX04,200,540
NX05,200,550
NX06,200,560
NX07,200,570
NX08,200,580
NX09,200,590
NS00,200,600
NS01,200,610
NS02,200,620
NS03,200,630
NS04,200,640
NS05,200,650
NS06,200,660
NS07,200,670
NS08,200,680
NS09,200,690
NN00,200,700
NN01,200,710
NN02,200,720
NN03,200,730
NN04,200,740
NN05,200,750
NN06,200,760
NN07,200,770
NN08,200,780
NN09,200,790
NH00,200,800
NH01,200,810
NH02,200,820
NH03,200,830
NH04,200,840
NH05,200,850
NH06,200,860
NH07,200,870
NH08,200,880
NH09,200,890
NC00,200,900
NC01,200,910
NC02,200,920
NC03,200,930
SX14,210,40
SX15,210,50
SX16,210,60
SX17,210,70
SX18,210,80
SX19,210,90
SS10,210,100
SS11,210,110
SS14,210,140
SS19,210,190
SN10,210,200
SN11,210,210
SN12,210,220
SN13,210,230
SN14,210,240
SN15,210,250
SH12,210,320
SH13,210,330
SC16,210,460
SC17,210,470
NX13,210,530
NX14,210,540
NX15,210,550
NX16,210,560
NX17,210,570
NX18,210,580
NX19,210,590
NS10,210,600
NS14,210,640
NS15,210,650
NS16,210,660
NS17,210,670
NS18,210,680
NS19,210,690
NN10,210,700
NN11,210,710
NN12,210,720
NN13,210,730
NN14,210,740
NN15,210,750
NN16,210,760
NN17,210,770
NN18,210,780
NN19,210,790
NH10,210,800
NH11,210,810
NH12,210,820
NH13,210,830
NH14,210,840
NH15,210,850
NH16,210,860
NH17,210,870
NH18,210,880
NH19,210,890
NC10,210,900
NC11,210,910
NC12,210,920
NC13,210,930
NC14,210,940
NC15,210,950
NC16,210,960
SX25,220,50
SX26,220,60
SX27,220,70
SX28,220,80
SX29,220,90
SS20,220,100
SS21,220,110
SS22,220,120
SN20,220,200
SN21,220,210
SN22,220,220
SN23,220,230
SN24,220,240
SN25,220,250
SH22,220,320
SH23,220,330
SH24,220,340
SH27,220,370
SH28,220,380
SH29,220,390
SC26,220,460
SC27,220,470
SC28,220,480
NX23,220,530
NX24,220,540
NX25,220,550
NX26,220,560
NX27,220,570
NX28,220,580
NX29,220,590
NS20,220,600
NS21,220,610
NS22,220,620
NS23,220,630
NS24,220,640
NS25,220,650
NS26,220,660
NS27,220,670
NS28,220,680
NS29,220,690
NN20,220,700
NN21,220,710
NN22,220,720
NN23,220,730
NN24,220,740
NN25,220,750
NN26,220,760
NN27,220,770
NN28,220,780
NN29,220,790
NH20,220,800
NH21,220,810
NH22,220,820
NH23,220,830
NH24,220,840
NH25,220,850
NH26,220,860
NH27,220,870
NH28,220,880
NH29,220,890
NC20,220,900
NC21,220,910
NC22,220,920
NC23,220,930
NC24,220,940
NC25,220,950
NC26,220,960
NC27,220,970
SX35,230,50
SX36,230,60
SX37,230,70
SX38,230,80
SX39,230,90
SS30,230,100
SS31,230,110
SS32,230,120
SS38,230,180
SS39,230,190
SN30,230,200
SN31,230,210
SN32,230,220
SN33,230,230
SN34,230,240
SN35,230,250
SN36,230,260
SH32,230,320
SH33,230,330
SH34,230,340
SH36,230,360
SH37,230,370
SH38,230,380
SH39,230,390
SC36,230,460
SC37,230,470
SC38,230,480
SC39,230,490
NX30,230,500
NX33,230,530
NX34,230,540
NX35,230,550
NX36,230,560
NX37,230,570
NX38,230,580
NX39,230,590
NS30,230,600
NS31,230,610
NS32,230,620
NS33,230,630
NS34,230,640
NS35,230,650
NS36,230,660
NS37,230,670
NS38,230,680
NS39,230,690
NN30,230,700
NN31,230,710
NN32,230,720
NN33,230,730
NN34,230,740
NN35,230,750
NN36,230,760
NN37,230,770
NN38,230,780
NN39,230,790
NH30,230,800
NH31,230,810
NH32,230,820
NH33,230,830
NH34,230,840
NH35,230,850
NH36,230,860
NH37,230,870
NH38,230,880
NH39,230,890
NC30,230,900
NC31,230,910
NC32,230,920
NC33,230,930
NC34,230,940
NC35,230,950
NC36,230,960
NC37,230,970
SX44,240,40
SX45,240,50
SX46,240,60
SX47,240,70
SX48,240,80
SX49,240,90
SS40,240,100
SS41,240,110
SS42,240,120
SS43,240,130
SS44,240,140
SS48,240,180
SS49,240,190
SN40,240,200
SN41,240,210
SN42,240,220
SN43,240,230
SN44,240,240
SN45,240,250
SN46,240,260
SH43,240,330
SH44,240,340
SH45,240,350
SH46,240,360
SH47,240,370
SH48,240,380
SH49,240,390
SC47,240,470
SC48,240,480
SC49,240,490
NX40,240,500
NX43,240,530
NX44,240,540
NX45,240,550
NX46,240,560
NX47,240,570
NX48,240,580
NX49,240,590
NS40,240,600
NS41,240,610
NS42,240,620
NS43,240,630
NS44,240,640
NS45,240,650
NS46,240,660
NS47,240,670
NS48,240,680
NS49,240,690
NN40,240,700
NN41,240,710
NN42,240,720
NN43,240,730
NN44,240,740
NN45,240,750
NN46,240,760
NN47,240,770
NN48,240,780
NN49,240,790
NH40,240,800
NH41,240,810
NH42,240,820
NH43,240,830
NH44,240,840
NH45,240,850
NH46,240,860
NH47,240,870
NH48,240,880
NH49,240,890
NC40,240,900
NC41,240,910
NC42,240,920
NC43,240,930
NC44,240,940
NC45,240,950
NC46,240,960
SX54,250,40
SX55,250,50
SX56,250,60
SX57,250,70
SX58,250,80
SX59,250,90
SS50,250,100
SS51,250,110
SS52,250,120
SS53,250,130
SS54,250,140
SS58,250,180
SS59,250,190
SN50,250,200
SN51,250,210
SN52,250,220
SN53,250,230
SN54,250,240
SN55,250,250
SN56,250,260
SN57,250,270
SN58,250,280
SN59,250,290
SH50,250,300
SH51,250,310
SH52,250,320
SH53,250,330
SH54,250,340
SH55,250,350
SH56,250,360
SH57,250,370
SH58,250,380
SH59,250,390
NX54,250,540
NX55,250,550
NX56,250,560
NX57,250,570
NX58,250,580
NX59,250,590
NS50,250,600
NS51,250,610
NS52,250,620
NS53,250,630
NS54,250,640
NS55,250,650
NS56,250,660
NS57,250,670
NS58,250,680
NS59,250,690
NN50,250,700
NN51,250,710
NN52,250,720
NN53,250,730
NN54,250,740
NN55,250,750
NN56,250,760
NN57,250,770
NN58,250,780
NN59,250,790
NH50,250,800
NH51,250,810
NH52,250,820
NH53,250,830
NH54,250,840
NH55,250,850
NH56,250,860
NH57,250,870
NH58,250,880
NH59,250,890
NC50,250,900
NC51,250,910
NC52,250,920
NC53,250,930
NC54,250,940
NC55,250,950
NC56,250,960
HX51,250,1010
SX63,260,30
SX64,260,40
SX65,260,50
SX66,260,60
SX67,260,70
SX68,260,80
SX69,260,90
SS60,260,100
SS61,260,110
SS62,260,120
SS63,260,130
SS64,260,140
SS68,260,180
SS69,260,190
SN60,260,200
SN61,260,210
SN62,260,220
SN63,260,230
SN64,260,240
SN65,260,250
SN66,260,260
SN67,260,270
SN68,260,280
SN69,260,290
SH60,260,300
SH61,260,310
SH62,260,320
SH63,260,330
SH64,260,340
SH65,260,350
SH66,260,360
SH67,260,370
SH68,260,380
NX64,260,540
NX65,260,550
NX66,260,560
NX67,260,570
NX68,260,580
NX69,260,590
NS60,260,600
NS61,260,610
NS62,260,620
NS63,260,630
NS64,260,640
NS65,260,650
NS66,260,660
NS67,260,670
NS68,260,680
NS69,260,690
NN60,260,700
NN61,260,710
NN62,260,720
NN63,260,730
NN64,260,740
NN65,260,750
NN66,260,760
NN67,260,770
NN68,260,780
NN69,260,790
NH60,260,800
NH61,260,810
NH62,260,820
NH63,260,830
NH64,260,840
NH65,260,850
NH66,260,860
NH67,260,870
NH68,260,880
NH69,260,890
NC60,260,900
NC61,260,910
NC62,260,920
NC63,260,930
NC64,260,940
NC65,260,950
NC66,260,960
HX62,260,1020
SX73,270,30
SX74,270,40
SX75,270,50
SX76,270,60
SX77,270,70
SX78,270,80
SX79,270,90
SS70,270,100
SS71,270,110
SS72,270,120
SS73,270,130
SS74,270,140
SS75,270,150
SS77,270,170
SS78,270,180
SS79,270,190
SN70,270,200
SN71,270,210
SN72,270,220
SN73,270,230
SN74,270,240
SN75,270,250
SN76,270,260
SN77,270,270
SN78,270,280
SN79,270,290
SH70,270,300
SH71,270,310
SH72,270,320
SH73,270,330
SH74,270,340
SH75,270,350
SH76,270,360
SH77,270,370
SH78,270,380
NX74,270,540
NX75,270,550
NX76,270,560
NX77,270,570
NX78,270,580
NX79,270,590
NS70,270,600
NS71,270,610
NS72,270,620
NS73,270,630
NS74,270,640
NS75,270,650
NS76,270,660
NS77,270,670
NS78,270,680
NS79,270,690
NN70,270,700
NN71,270,710
NN72,270,720
NN73,270,730
NN74,270,740
NN75,270,750
NN76,270,760
NN77,270,770
NN78,270,780
NN79,270,790
NH70,270,800
NH71,270,810
NH72,270,820
NH73,270,830
NH74,270,840
NH75,270,850
NH76,270,860
NH77,270,870
NH78,270,880
NH79,270,890
NC70,270,900
NC71,270,910
NC72,270,920
NC73,270,930
NC74,270,940
NC75,270,950
NC76,270,960
SX83,280,30
SX84,280,40
SX85,280,50
SX86,280,60
SX87,280,70
SX88,280,80
SX89,280,90
SS80,280,100
SS81,280,110
SS82,280,120
SS83,280,130
SS84,280,140
SS87,280,170
SS88,280,180
SS89,280,190
SN80,280,200
SN81,280,210
SN82,280,220
SN83,280,230
SN84,280,240
SN85,280,250
SN86,280,260
SN87,280,270
SN88,280,280
SN89,280,290
SH80,280,300
SH81,280,310
SH82,280,320
SH83,280,330
SH84,280,340
SH85,280,350
SH86,280,360
SH87,280,370
SH88,280,380
NX84,280,540
NX85,280,550
NX86,280,560
NX87,280,570
NX88,280,580
NX89,280,590
NS80,280,600
NS81,280,610
NS82,280,620
NS83,280,630
NS84,280,640
NS85,280,650
NS86,280,660
NS87,280,670
NS88,280,680
NS89,280,690
NN80,280,700
NN81,280,710
NN82,280,720
NN83,280,730
NN84,280,740
NN85,280,750
NN86,280,760
NN87,280,770
NN88,280,780
NN89,280,790
NH80,280,800
NH81,280,810
NH82,280,820
NH83,280,830
NH84,280,840
NH85,280,850
NH86,280,860
NH87,280,870
NH88,280,880
NH89,280,890
NC80,280,900
NC81,280,910
NC82,280,920
NC83,280,930
NC84,280,940
NC85,280,950
NC86,280,960
SX94,290,40
SX95,290,50
SX96,290,60
SX97,290,70
SX98,290,80
SX99,290,90
SS90,290,100
SS91,290,110
SS92,290,120
SS93,290,130
SS94,290,140
SS96,290,160
SS97,290,170
SS98,290,180
SS99,290,190
SN90,290,200
SN91,290,210
SN92,290,220
SN93,290,230
SN94,290,240
SN95,290,250
SN96,290,260
SN97,290,270
SN98,290,280
SN99,290,290
SH90,290,300
SH91,290,310
SH92,290,320
SH93,290,330
SH94,290,340
SH95,290,350
SH96,290,360
SH97,290,370
SH98,290,380
NX90,290,500
NX91,290,510
NX92,290,520
NX93,290,530
NX95,290,550
NX96,290,560
NX97,290,570
NX98,290,580
NX99,290,590
NS90,290,600
NS91,290,610
NS92,290,620
NS93,290,630
NS94,290,640
NS95,290,650
NS96,290,660
NS97,290,670
NS98,290,680
NS99,290,690
NN90,290,700
NN91,290,710
NN92,290,720
NN93,290,730
NN94,290,740
NN95,290,750
NN96,290,760
NN97,290,770
NN98,290,780
NN99,290,790
NH90,290,800
NH91,290,810
NH92,290,820
NH93,290,830
NH94,290,840
NH95,290,850
NH96,290,860
NH97,290,870
NH98,290,880
NC90,290,900
NC91,290,910
NC92,290,920
NC93,290,930
NC94,290,940
NC95,290,950
NC96,290,960
SY07,300,70
SY08,300,80
SY09,300,90
ST00,300,100
ST01,300,110
ST02,300,120
ST03,300,130
ST04,300,140
ST06,300,160
ST07,300,170
ST08,300,180
ST09,300,190
SO00,300,200
SO01,300,210
SO02,300,220
SO03,300,230
SO04,300,240
SO05,300,250
SO06,300,260
SO07,300,270
SO08,300,280
SO09,300,290
SJ00,300,300
SJ01,300,310
SJ02,300,320
SJ03,300,330
SJ04,300,340
SJ05,300,350
SJ06,300,360
SJ07,300,370
SJ08,300,380
SD08,300,480
SD09,300,490
NY00,300,500
NY01,300,510
NY02,300,520
NY03,300,530
NY04,300,540
NY05,300,550
NY06,300,560
NY07,300,570
NY08,300,580
NY09,300,590
NT00,300,600
NT01,300,610
NT02,300,620
NT03,300,630
NT04,300,640
NT05,300,650
NT06,300,660
NT07,300,670
NT08,300,680
NT09,300,690
NO00,300,700
NO01,300,710
NO02,300,720
NO03,300,730
NO04,300,740
NO05,300,750
NO06,300,760
NO07,300,770
NO08,300,780
NO09,300,790
NJ00,300,800
NJ01,300,810
NJ02,300,820
NJ03,300,830
NJ04,300,840
NJ05,300,850
NJ06,300,860
ND01,300,910
ND02,300,920
ND03,300,930
ND04,300,940
ND05,300,950
ND06,300,960
ND07,300,970
SY18,310,80
SY19,310,90
ST10,310,100
ST11,310,110
ST12,310,120
ST13,310,130
ST14,310,140
ST16,310,160
ST17,310,170
ST18,310,180
ST19,310,190
SO10,310,200
SO11,310,210
SO12,310,220
SO13,310,230
SO14,310,240
SO15,310,250
SO16,310,260
SO17,310,270
SO18,310,280
SO19,310,290
SJ10,310,300
SJ11,310,310
SJ12,310,320
SJ13,310,330
SJ14,310,340
SJ15,310,350
SJ16,310,360
SJ17,310,370
SJ18,310,380
SD16,310,460
SD17,310,470
SD18,310,480
SD19,310,490
NY10,310,500
NY11,310,510
NY12,310,520
NY13,310,530
NY14,310,540
NY15,310,550
NY16,310,560
NY17,310,570
NY18,310,580
NY19,310,590
NT10,310,600
NT11,310,610
NT12,310,620
NT13,310,630
NT14,310,640
NT15,310,650
NT16,310,660
NT17,310,670
NT18,310,680
NT19,310,690
NO10,310,700
NO11,310,710
NO12,310,720
NO13,310,730
NO14,310,740
NO15,310,750
NO16,310,760
NO17,310,770
NO18,310,780
NO19,310,790
NJ10,310,800
NJ11,310,810
NJ12,310,820
NJ13,310,830
NJ14,310,840
NJ15,310,850
NJ16,310,860
NJ17,310,870
ND12,310,920
ND13,310,930
ND14,310,940
ND15,310,950
ND16,310,960
ND17,310,970
ND19,310,990
HY10,310,1000
SY28,320,80
SY29,320,90
ST20,320,100
ST21,320,110
ST22,320,120
ST23,320,130
ST24,320,140
ST25,320,150
ST26,320,160
ST27,320,170
ST28,320,180
ST29,320,190
SO20,320,200
SO21,320,210
SO22,320,220
SO23,320,230
SO24,320,240
SO25,320,250
SO26,320,260
SO27,320,270
SO28,320,280
SO29,320,290
SJ20,320,300
SJ21,320,310
SJ22,320,320
SJ23,320,330
SJ24,320,340
SJ25,320,350
SJ26,320,360
SJ27,320,370
SJ28,320,380
SJ29,320,390
SD20,320,400
SD21,320,410
SD26,320,460
SD27,320,470
SD28,320,480
SD29,320,490
NY20,320,500
NY21,320,510
NY22,320,520
NY23,320,530
NY24,320,540
NY25,320,550
NY26,320,560
NY27,320,570
NY28,320,580
NY29,320,590
NT20,320,600
NT21,320,610
NT22,320,620
NT23,320,630
NT24,320,640
NT25,320,650
NT26,320,660
NT27,320,670
NT28,320,680
NT29,320,690
NO20,320,700
NO21,320,710
NO22,320,720
NO23,320,730
NO24,320,740
NO25,320,750
NO26,320,760
NO27,320,770
NO28,320,780
NO29,320,790
NJ20,320,800
NJ21,320,810
NJ22,320,820
NJ23,320,830
NJ24,320,840
NJ25,320,850
NJ26,320,860
NJ27,320,870
ND23,320,930
ND24,320,940
ND25,320,950
ND26,320,960
ND27,320,970
ND28,320,980
ND29,320,990
HY20,320,1000
HY21,320,1010
HY22,320,1020
HY23,320,1030
SY38,330,80
SY39,330,90
ST30,330,100
ST31,330,110
ST32,330,120
ST33,330,130
ST34,330,140
ST35,330,150
ST36,330,160
ST37,330,170
ST38,330,180
ST39,330,190
SO30,330,200
SO31,330,210
SO32,330,220
SO33,330,230
SO34,330,240
SO35,330,250
SO36,330,260
SO37,330,270
SO38,330,280
SO39,330,290
SJ30,330,300
SJ31,330,310
SJ32,330,320
SJ33,330,330
SJ34,330,340
SJ35,330,350
SJ36,330,360
SJ37,330,370
SJ38,330,380
SJ39,330,390
SD30,330,400
SD31,330,410
SD32,330,420
SD33,330,430
SD34,330,440
SD35,330,450
SD36,330,460
SD37,330,470
SD38,330,480
SD39,330,490
NY30,330,500
NY31,330,510
NY32,330,520
NY33,330,530
NY34,330,540
NY35,330,550
NY36,330,560
NY37,330,570
NY38,330,580
NY39,330,590
NT30,330,600
NT31,330,610
NT32,330,620
NT33,330,630
NT34,330,640
NT35,330,650
NT36,330,660
NT37,330,670
NT38,330,680
NT39,330,690
NO30,330,700
NO31,330,710
NO32,330,720
NO33,330,730
NO34,330,740
NO35,330,750
NO36,330,760
NO37,330,770
NO38,330,780
NO39,330,790
NJ30,330,800
NJ31,330,810
NJ32,330,820
NJ33,330,830
NJ34,330,840
NJ35,330,850
NJ36,330,860
ND33,330,930
ND34,330,940
ND35,330,950
ND36,330,960
ND37,330,970
ND38,330,980
ND39,330,990
HY30,330,1000
HY31,330,1010
HY32,330,1020
HY33,330,1030
HY34,330,1040
HY35,330,1050
SY48,340,80
SY49,340,90
ST40,340,100
ST41,340,110
ST42,340,120
ST43,340,130
ST44,340,140
ST45,340,150
ST46,340,160
ST47,340,170
ST48,340,180
ST49,340,190
SO40,340,200
SO41,340,210
SO42,340,220
SO43,340,230
SO44,340,240
SO45,340,250
SO46,340,260
SO47,340,270
SO48,340,280
SO49,340,290
SJ40,340,300
SJ41,340,310
SJ42,340,320
SJ43,340,330
SJ44,340,340
SJ45,340,350
SJ46,340,360
SJ47,340,370
SJ48,340,380
SJ49,340,390
SD40,340,400
SD41,340,410
SD42,340,420
SD43,340,430
SD44,340,440
SD45,340,450
SD46,340,460
SD47,340,470
SD48,340,480
SD49,340,490
NY40,340,500
NY41,340,510
NY42,340,520
NY43,340,530
NY44,340,540
NY45,340,550
NY46,340,560
NY47,340,570
NY48,340,580
NY49,340,590
NT40,340,600
NT41,340,610
NT42,340,620
NT43,340,630
NT44,340,640
NT45,340,650
NT46,340,660
NT47,340,670
NT48,340,680
NT49,340,690
NO40,340,700
NO41,340,710
NO42,340,720
NO43,340,730
NO44,340,740
NO45,340,750
NO46,340,760
NO47,340,770
NO48,340,780
NO49,340,790
NJ40,340,800
NJ41,340,810
NJ42,340,820
NJ43,340,830
NJ44,340,840
NJ45,340,850
NJ46,340,860
ND47,340,970
ND48,340,980
ND49,340,990
HY40,340,1000
HY41,340,1010
HY42,340,1020
HY43,340,1030
HY44,340,1040
HY45,340,1050
SY58,350,80
SY59,350,90
ST50,350,100
ST51,350,110
ST52,350,120
ST53,350,130
ST54,350,140
ST55,350,150
ST56,350,160
ST57,350,170
ST58,350,180
ST59,350,190
SO50,350,200
SO51,350,210
SO52,350,220
SO53,350,230
SO54,350,240
SO55,350,250
SO56,350,260
SO57,350,270
SO58,350,280
SO59,350,290
SJ50,350,300
SJ51,350,310
SJ52,350,320
SJ53,350,330
SJ54,350,340
SJ55,350,350
SJ56,350,360
SJ57,350,370
SJ58,350,380
SJ59,350,390
SD50,350,400
SD51,350,410
SD52,350,420
SD53,350,430
SD54,350,440
SD55,350,450
SD56,350,460
SD57,350,470
SD58,350,480
SD59,350,490
NY50,350,500
NY51,350,510
NY52,350,520
NY53,350,530
NY54,350,540
NY55,350,550
NY56,350,560
NY57,350,570
NY58,350,580
NY59,350,590
NT50,350,600
NT51,350,610
NT52,350,620
NT53,350,630
NT54,350,640
NT55,350,650
NT56,350,660
NT57,350,670
NT58,350,680
NT59,350,690
NO50,350,700
NO51,350,710
NO52,350,720
NO53,350,730
NO54,350,740
NO55,350,750
NO56,350,760
NO57,350,770
NO58,350,780
NO59,350,790
NJ50,350,800
NJ51,350,810
NJ52,350,820
NJ53,350,830
NJ54,350,840
NJ55,350,850
NJ56,350,860
ND59,350,990
HY50,350,1000
HY51,350,1010
HY52,350,1020
HY53,350,1030
HY54,350,1040
HY55,350,1050
SY66,360,60
SY67,360,70
SY68,360,80
SY69,360,90
ST60,360,100
ST61,360,110
ST62,360,120
ST63,360,130
ST64,360,140
ST65,360,150
ST66,360,160
ST67,360,170
ST68,360,180
ST69,360,190
SO60,360,200
SO61,360,210
SO62,360,220
SO63,360,230
SO64,360,240
SO65,360,250
SO66,360,260
SO67,360,270
SO68,360,280
SO69,360,290
SJ60,360,300
SJ61,360,310
SJ62,360,320
SJ63,360,330
SJ64,360,340
SJ65,360,350
SJ66,360,360
SJ67,360,370
SJ68,360,380
SJ69,360,390
SD60,360,400
SD61,360,410
SD62,360,420
SD63,360,430
SD64,360,440
SD65,360,450
SD66,360,460
SD67,360,470
SD68,360,480
SD69,360,490
NY60,360,500
NY61,360,510
NY62,360,520
NY63,360,530
NY64,360,540
NY65,360,550
NY66,360,560
NY67,360,570
NY68,360,580
NY69,360,590
NT60,360,600
NT61,360,610
NT62,360,620
NT63,360,630
NT64,360,640
NT65,360,650
NT66,360,660
NT67,360,670
NT68,360,680
NT69,360,690
NO60,360,700
NO61,360,710
NO63,360,730
NO64,360,740
NO65,360,750
NO66,360,760
NO67,360,770
NO68,360,780
NO69,360,790
NJ60,360,800
NJ61,360,810
NJ62,360,820
NJ63,360,830
NJ64,360,840
NJ65,360,850
NJ66,360,860
HY60,360,1000
HY61,360,1010
HY62,360,1020
HY63,360,1030
HY64,360,1040
SY77,370,70
SY78,370,80
SY79,370,90
ST70,370,100
ST71,370,110
ST72,370,120
ST73,370,130
ST74,370,140
ST75,370,150
ST76,370,160
ST77,370,170
ST78,370,180
ST79,370,190
SO70,370,200
SO71,370,210
SO72,370,220
SO73,370,230
SO74,370,240
SO75,370,250
SO76,370,260
SO77,370,270
SO78,370,280
SO79,370,290
SJ70,370,300
SJ71,370,310
SJ72,370,320
SJ73,370,330
SJ74,370,340
SJ75,370,350
SJ76,370,360
SJ77,370,370
SJ78,370,380
SJ79,370,390
SD70,370,400
SD71,370,410
SD72,370,420
SD73,370,430
SD74,370,440
SD75,370,450
SD76,370,460
SD77,370,470
SD78,370,480
SD79,370,490
NY70,370,500
NY71,370,510
NY72,370,520
NY73,370,530
NY74,370,540
NY75,370,550
NY76,370,560
NY77,370,570
NY78,370,580
NY79,370,590
NT70,370,600
NT71,370,610
NT72,370,620
NT73,370,630
NT74,370,640
NT75,370,650
NT76,370,660
NT77,370,670
NO72,370,720
NO74,370,740
NO75,370,750
NO76,370,760
NO77,370,770
NO78,370,780
NO79,370,790
NJ70,370,800
NJ71,370,810
NJ72,370,820
NJ73,370,830
NJ74,370,840
NJ75,370,850
NJ76,370,860
HY73,370,1030
HY74,370,1040
HY75,370,1050
SY87,380,70
SY88,380,80
SY89,380,90
ST80,380,100
ST81,380,110
ST82,380,120
ST83,380,130
ST84,380,140
ST85,380,150
ST86,380,160
ST87,380,170
ST88,380,180
ST89,380,190
SO80,380,200
SO81,380,210
SO82,380,220
SO83,380,230
SO84,380,240
SO85,380,250
SO86,380,260
SO87,380,270
SO88,380,280
SO89,380,290
SJ80,380,300
SJ81,380,310
SJ82,380,320
SJ83,380,330
SJ84,380,340
SJ85,380,350
SJ86,380,360
SJ87,380,370
SJ88,380,380
SJ89,380,390
SD80,380,400
SD81,380,410
SD82,380,420
SD83,380,430
SD84,380,440
SD85,380,450
SD86,380,460
SD87,380,470
SD88,380,480
SD89,380,490
NY80,380,500
NY81,380,510
NY82,380,520
NY83,380,530
NY84,380,540
NY85,380,550
NY86,380,560
NY87,380,570
NY88,380,580
NY89,380,590
NT80,380,600
NT81,380,610
NT82,380,620
NT83,380,630
NT84,380,640
NT85,380,650
NT86,380,660
NT87,380,670
NO86,380,760
NO87,380,770
NO88,380,780
NO89,380,790
NJ80,380,800
NJ81,380,810
NJ82,380,820
NJ83,380,830
NJ84,380,840
NJ85,380,850
NJ86,380,860
SY97,390,70
SY98,390,80
SY99,390,90
ST90,390,100
ST91,390,110
ST92,390,120
ST93,390,130
ST94,390,140
ST95,390,150
ST96,390,160
ST97,390,170
ST98,390,180
ST99,390,190
SO90,390,200
SO91,390,210
SO92,390,220
SO93,390,230
SO94,390,240
SO95,390,250
SO96,390,260
SO97,390,270
SO98,390,280
SO99,390,290
SJ90,390,300
SJ91,390,310
SJ92,390,320
SJ93,390,330
SJ94,390,340
SJ95,390,350
SJ96,390,360
SJ97,390,370
SJ98,390,380
SJ99,390,390
SD90,390,400
SD91,390,410
SD92,390,420
SD93,390,430
SD94,390,440
SD95,390,450
SD96,390,460
SD97,390,470
SD98,390,480
SD99,390,490
NY90,390,500
NY91,390,510
NY92,390,520
NY93,390,530
NY94,390,540
NY95,390,550
NY96,390,560
NY97,390,570
NY98,390,580
NY99,390,590
NT90,390,600
NT91,390,610
NT92,390,620
NT93,390,630
NT94,390,640
NT95,390,650
NT96,390,660
NO99,390,790
NJ90,390,800
NJ91,390,810
NJ92,390,820
NJ93,390,830
NJ94,390,840
NJ95,390,850
NJ96,390,860
HT93,390,1130
HT94,390,1140
SZ07,400,70
SZ08,400,80
SZ09,400,90
SU00,400,100
SU01,400,110
SU02,400,120
SU03,400,130
SU04,400,140
SU05,400,150
SU06,400,160
SU07,400,170
SU08,400,180
SU09,400,190
SP00,400,200
SP01,400,210
SP02,400,220
SP03,400,230
SP04,400,240
SP05,400,250
SP06,400,260
SP07,400,270
SP08,400,280
SP09,400,290
SK00,400,300
SK01,400,310
SK02,400,320
SK03,400,330
SK04,400,340
SK05,400,350
SK06,400,360
SK07,400,370
SK08,400,380
SK09,400,390
SE00,400,400
SE01,400,410
SE02,400,420
SE03,400,430
SE04,400,440
SE05,400,450
SE06,400,460
SE07,400,470
SE08,400,480
SE09,400,490
NZ00,400,500
NZ01,400,510
NZ02,400,520
NZ03,400,530
NZ04,400,540
NZ05,400,550
NZ06,400,560
NZ07,400,570
NZ08,400,580
NZ09,400,590
NU00,400,600
NU01,400,610
NU02,400,620
NU03,400,630
NU04,400,640
NU05,400,650
NK02,400,820
NK03,400,830
NK04,400,840
NK05,400,850
NK06,400,860
HU06,400,1160
SZ19,410,90
SU10,410,100
SU11,410,110
SU12,410,120
SU13,410,130
SU14,410,140
SU15,410,150
SU16,410,160
SU17,410,170
SU18,410,180
SU19,410,190
SP10,410,200
SP11,410,210
SP12,410,220
SP13,410,230
SP14,410,240
SP15,410,250
SP16,410,260
SP17,410,270
SP18,410,280
SP19,410,290
SK10,410,300
SK11,410,310
SK12,410,320
SK13,410,330
SK14,410,340
SK15,410,350
SK16,410,360
SK17,410,370
SK18,410,380
SK19,410,390
SE10,410,400
SE11,410,410
SE12,410,420
SE13,410,430
SE14,410,440
SE15,410,450
SE16,410,460
SE17,410,470
SE18,410,480
SE19,410,490
NZ10,410,500
NZ11,410,510
NZ12,410,520
NZ13,410,530
NZ14,410,540
NZ15,410,550
NZ16,410,560
NZ17,410,570
NZ18,410,580
NZ19,410,590
NU10,410,600
NU11,410,610
NU12,410,620
NU13,410,630
NU14,410,640
NK13,410,830
NK14,410,840
NK15,410,850
HZ16,410,1060
HZ17,410,1070
HU14,410,1140
HU15,410,1150
HU16,410,1160
SZ28,420,80
SZ29,420,90
SU20,420,100
SU21,420,110
SU22,420,120
SU23,420,130
SU24,420,140
SU25,420,150
SU26,420,160
SU27,420,170
SU28,420,180
SU29,420,190
SP20,420,200
SP21,420,210
SP22,420,220
SP23,420,230
SP24,420,240
SP25,420,250
SP26,420,260
SP27,420,270
SP28,420,280
SP29,420,290
SK20,420,300
SK21,420,310
SK22,420,320
SK23,420,330
SK24,420,340
SK25,420,350
SK26,420,360
SK27,420,370
SK28,420,380
SK29,420,390
SE20,420,400
SE21,420,410
SE22,420,420
SE23,420,430
SE24,420,440
SE25,420,450
SE26,420,460
SE27,420,470
SE28,420,480
SE29,420,490
NZ20,420,500
NZ21,420,510
NZ22,420,520
NZ23,420,530
NZ24,420,540
NZ25,420,550
NZ26,420,560
NZ27,420,570
NZ28,420,580
NZ29,420,590
NU20,420,600
NU21,420,610
NU22,420,620
NU23,420,630
HZ26,420,1060
HZ27,420,1070
HU24,420,1140
HU25,420,1150
HU26,420,1160
HU27,420,1170
HU28,420,1180
SZ38,430,80
SZ39,430,90
SU30,430,100
SU31,430,110
SU32,430,120
SU33,430,130
SU34,430,140
SU35,430,150
SU36,430,160
SU37,430,170
SU38,430,180
SU39,430,190
SP30,430,200
SP31,430,210
SP32,430,220
SP33,430,230
SP34,430,240
SP35,430,250
SP36,430,260
SP37,430,270
SP38,430,280
SP39,430,290
SK30,430,300
SK31,430,310
SK32,430,320
SK33,430,330
SK34,430,340
SK35,430,350
SK36,430,360
SK37,430,370
SK38,430,380
SK39,430,390
SE30,430,400
SE31,430,410
SE32,430,420
SE33,430,430
SE34,430,440
SE35,430,450
SE36,430,460
SE37,430,470
SE38,430,480
SE39,430,490
NZ30,430,500
NZ31,430,510
NZ32,430,520
NZ33,430,530
NZ34,430,540
NZ35,430,550
NZ36,430,560
NZ37,430,570
NZ38,430,580
NZ39,430,590
HU30,430,1100
HU31,430,1110
HU32,430,1120
HU33,430,1130
HU34,430,1140
HU35,430,1150
HU36,430,1160
HU37,430,1170
HU38,430,1180
HU39,430,1190
SZ47,440,70
SZ48,440,80
SZ49,440,90
SU40,440,100
SU41,440,110
SU42,440,120
SU43,440,130
SU44,440,140
SU45,440,150
SU46,440,160
SU47,440,170
SU48,440,180
SU49,440,190
SP40,440,200
SP41,440,210
SP42,440,220
SP43,440,230
SP44,440,240
SP45,440,250
SP46,440,260
SP47,440,270
SP48,440,280
SP49,440,290
SK40,440,300
SK41,440,310
SK42,440,320
SK43,440,330
SK44,440,340
SK45,440,350
SK46,440,360
SK47,440,370
SK48,440,380
SK49,440,390
SE40,440,400
SE41,440,410
SE42,440,420
SE43,440,430
SE44,440,440
SE45,440,450
SE46,440,460
SE47,440,470
SE48,440,480
SE49,440,490
NZ40,440,500
NZ41,440,510
NZ42,440,520
NZ43,440,530
NZ44,440,540
NZ45,440,550
NZ46,440,560
HU40,440,1100
HU41,440,1110
HU42,440,1120
HU43,440,1130
HU44,440,1140
HU45,440,1150
HU46,440,1160
HU47,440,1170
HU48,440,1180
HU49,440,1190
HP40,440,1200
SZ57,450,70
SZ58,450,80
SZ59,450,90
SU50,450,100
SU51,450,110
SU52,450,120
SU53,450,130
SU54,450,140
SU55,450,150
SU56,450,160
SU57,450,170
SU58,450,180
SU59,450,190
SP50,450,200
SP51,450,210
SP52,450,220
SP53,450,230
SP54,450,240
SP55,450,250
SP56,450,260
SP57,450,270
SP58,450,280
SP59,450,290
SK50,450,300
SK51,450,310
SK52,450,320
SK53,450,330
SK54,450,340
SK55,450,350
SK56,450,360
SK57,450,370
SK58,450,380
SK59,450,390
SE50,450,400
SE51,450,410
SE52,450,420
SE53,450,430
SE54,450,440
SE55,450,450
SE56,450,460
SE57,450,470
SE58,450,480
SE59,450,490
NZ50,450,500
NZ51,450,510
NZ52,450,520
NZ53,450,530
HU53,450,1130
HU54,450,1140
HU55,450,1150
HU56,450,1160
HU57,450,1170
HU58,450,1180
HU59,450,1190
HP50,450,1200
HP51,450,1210
SZ68,460,80
SZ69,460,90
SU60,460,100
SU61,460,110
SU62,460,120
SU63,460,130
SU64,460,140
SU65,460,150
SU66,460,160
SU67,460,170
SU68,460,180
SU69,460,190
SP60,460,200
SP61,460,210
SP62,460,220
SP63,460,230
SP64,460,240
SP65,460,250
SP66,460,260
SP67,460,270
SP68,460,280
SP69,460,290
SK60,460,300
SK61,460,310
SK62,460,320
SK63,460,330
SK64,460,340
SK65,460,350
SK66,460,360
SK67,460,370
SK68,460,380
SK69,460,390
SE60,460,400
SE61,460,410
SE62,460,420
SE63,460,430
SE64,460,440
SE65,460,450
SE66,460,460
SE67,460,470
SE68,460,480
SE69,460,490
NZ60,460,500
NZ61,460,510
NZ62,460,520
HU66,460,1160
HU67,460,1170
HU68,460,1180
HU69,460,1190
HP60,460,1200
HP61,460,1210
HP62,460,1220
SZ79,470,90
SU70,470,100
SU71,470,110
SU72,470,120
SU73,470,130
SU74,470,140
SU75,470,150
SU76,470,160
SU77,470,170
SU78,470,180
SU79,470,190
SP70,470,200
SP71,470,210
SP72,470,220
SP73,470,230
SP74,470,240
SP75,470,250
SP76,470,260
SP77,470,270
SP78,470,280
SP79,470,290
SK70,470,300
SK71,470,310
SK72,470,320
SK73,470,330
SK74,470,340
SK75,470,350
SK76,470,360
SK77,470,370
SK78,470,380
SK79,470,390
SE70,470,400
SE71,470,410
SE72,470,420
SE73,470,430
SE74,470,440
SE75,470,450
SE76,470,460
SE77,470,470
SE78,470,480
SE79,470,490
NZ70,470,500
NZ71,470,510
NZ72,470,520
HU77,470,1170
SZ89,480,90
SU80,480,100
SU81,480,110
SU82,480,120
SU83,480,130
SU84,480,140
SU85,480,150
SU86,480,160
SU87,480,170
SU88,480,180
SU89,480,190
SP80,480,200
SP81,480,210
SP82,480,220
SP83,480,230
SP84,480,240
SP85,480,250
SP86,480,260
SP87,480,270
SP88,480,280
SP89,480,290
SK80,480,300
SK81,480,310
SK82,480,320
SK83,480,330
SK84,480,340
SK85,480,350
SK86,480,360
SK87,480,370
SK88,480,380
SK89,480,390
SE80,480,400
SE81,480,410
SE82,480,420
SE83,480,430
SE84,480,440
SE85,480,450
SE86,480,460
SE87,480,470
SE88,480,480
SE89,480,490
NZ80,480,500
NZ81,480,510
SZ99,490,90
SU90,490,100
SU91,490,110
SU92,490,120
SU93,490,130
SU94,490,140
SU95,490,150
SU96,490,160
SU97,490,170
SU98,490,180
SU99,490,190
SP90,490,200
SP91,490,210
SP92,490,220
SP93,490,230
SP94,490,240
SP95,490,250
SP96,490,260
SP97,490,270
SP98,490,280
SP99,490,290
SK90,490,300
SK91,490,310
SK92,490,320
SK93,490,330
SK94,490,340
SK95,490,350
SK96,490,360
SK97,490,370
SK98,490,380
SK99,490,390
SE90,490,400
SE91,490,410
SE92,490,420
SE93,490,430
SE94,490,440
SE95,490,450
SE96,490,460
SE97,490,470
SE98,490,480
SE99,490,490
NZ90,490,500
NZ91,490,510
TQ00,500,100
TQ01,500,110
TQ02,500,120
TQ03,500,130
TQ04,500,140
TQ05,500,150
TQ06,500,160
TQ07,500,170
TQ08,500,180
TQ09,500,190
TL00,500,200
TL01,500,210
TL02,500,220
TL03,500,230
TL04,500,240
TL05,500,250
TL06,500,260
TL07,500,270
TL08,500,280
TL09,500,290
TF00,500,300
TF01,500,310
TF02,500,320
TF03,500,330
TF04,500,340
TF05,500,350
TF06,500,360
TF07,500,370
TF08,500,380
TF09,500,390
TA00,500,400
TA01,500,410
TA02,500,420
TA03,500,430
TA04,500,440
TA05,500,450
TA06,500,460
TA07,500,470
TA08,500,480
TA09,500,490
TQ10,510,100
TQ11,510,110
TQ12,510,120
TQ13,510,130
TQ14,510,140
TQ15,510,150
TQ16,510,160
TQ17,510,170
TQ18,510,180
TQ19,510,190
TL10,510,200
TL11,510,210
TL12,510,220
TL13,510,230
TL14,510,240
TL15,510,250
TL16,510,260
TL17,510,270
TL18,510,280
TL19,510,290
TF10,510,300
TF11,510,310
TF12,510,320
TF13,510,330
TF14,510,340
TF15,510,350
TF16,510,360
TF17,510,370
TF18,510,380
TF19,510,390
TA10,510,400
TA11,510,410
TA12,510,420
TA13,510,430
TA14,510,440
TA15,510,450
TA16,510,460
TA17,510,470
TA18,510,480
TQ20,520,100
TQ21,520,110
TQ22,520,120
TQ23,520,130
TQ24,520,140
TQ25,520,150
TQ26,520,160
TQ27,520,170
TQ28,520,180
TQ29,520,190
TL20,520,200
TL21,520,210
TL22,520,220
TL23,520,230
TL24,520,240
TL25,520,250
TL26,520,260
TL27,520,270
TL28,520,280
TL29,520,290
TF20,520,300
TF21,520,310
TF22,520,320
TF23,520,330
TF24,520,340
TF25,520,350
TF26,520,360
TF27,520,370
TF28,520,380
TF29,520,390
TA20,520,400
TA21,520,410
TA22,520,420
TA23,520,430
TA24,520,440
TA25,520,450
TA26,520,460
TA27,520,470
TQ30,530,100
TQ31,530,110
TQ32,530,120
TQ33,530,130
TQ34,530,140
TQ35,530,150
TQ36,530,160
TQ37,530,170
TQ38,530,180
TQ39,530,190
TL30,530,200
TL31,530,210
TL32,530,220
TL33,530,230
TL34,530,240
TL35,530,250
TL36,530,260
TL37,530,270
TL38,530,280
TL39,530,290
TF30,530,300
TF31,530,310
TF32,530,320
TF33,530,330
TF34,530,340
TF35,530,350
TF36,530,360
TF37,530,370
TF38,530,380
TF39,530,390
TA30,530,400
TA31,530,410
TA32,530,420
TA33,530,430
TV49,540,90
TQ40,540,100
TQ41,540,110
TQ42,540,120
TQ43,540,130
TQ44,540,140
TQ45,540,150
TQ46,540,160
TQ47,540,170
TQ48,540,180
TQ49,540,190
TL40,540,200
TL41,540,210
TL42,540,220
TL43,540,230
TL44,540,240
TL45,540,250
TL46,540,260
TL47,540,270
TL48,540,280
TL49,540,290
TF40,540,300
TF41,540,310
TF42,540,320
TF43,540,330
TF44,540,340
TF45,540,350
TF46,540,360
TF47,540,370
TF48,540,380
TF49,540,390
TA40,540,400
TA41,540,410
TA42,540,420
TV59,550,90
TQ50,550,100
TQ51,550,110
TQ52,550,120
TQ53,550,130
TQ54,550,140
TQ55,550,150
TQ56,550,160
TQ57,550,170
TQ58,550,180
TQ59,550,190
TL50,550,200
TL51,550,210
TL52,550,220
TL53,550,230
TL54,550,240
TL55,550,250
TL56,550,260
TL57,550,270
TL58,550,280
TL59,550,290
TF50,550,300
TF51,550,310
TF52,550,320
TF54,550,340
TF55,550,350
TF56,550,360
TF57,550,370
TF58,550,380
TV69,560,90
TQ60,560,100
TQ61,560,110
TQ62,560,120
TQ63,560,130
TQ64,560,140
TQ65,560,150
TQ66,560,160
TQ67,560,170
TQ68,560,180
TQ69,560,190
TL60,560,200
TL61,560,210
TL62,560,220
TL63,560,230
TL64,560,240
TL65,560,250
TL66,560,260
TL67,560,270
TL68,560,280
TL69,560,290
TF60,560,300
TF61,560,310
TF62,560,320
TF63,560,330
TF64,560,340
TQ70,570,100
TQ71,570,110
TQ72,570,120
TQ73,570,130
TQ74,570,140
TQ75,570,150
TQ76,570,160
TQ77,570,170
TQ78,570,180
TQ79,570,190
TL70,570,200
TL71,570,210
TL72,570,220
TL73,570,230
TL74,570,240
TL75,570,250
TL76,570,260
TL77,570,270
TL78,570,280
TL79,570,290
TF70,570,300
TF71,570,310
TF72,570,320
TF73,570,330
TF74,570,340
TQ80,580,100
TQ81,580,110
TQ82,580,120
TQ83,580,130
TQ84,580,140
TQ85,580,150
TQ86,580,160
TQ87,580,170
TQ88,580,180
TQ89,580,190
TL80,580,200
TL81,580,210
TL82,580,220
TL83,580,230
TL84,580,240
TL85,580,250
TL86,580,260
TL87,580,270
TL88,580,280
TL89,580,290
TF80,580,300
TF81,580,310
TF82,580,320
TF83,580,330
TF84,580,340
TQ91,590,110
TQ92,590,120
TQ93,590,130
TQ94,590,140
TQ95,590,150
TQ96,590,160
TQ97,590,170
TQ98,590,180
TQ99,590,190
TL90,590,200
TL91,590,210
TL92,590,220
TL93,590,230
TL94,590,240
TL95,590,250
TL96,590,260
TL97,590,270
TL98,590,280
TL99,590,290
TF90,590,300
TF91,590,310
TF92,590,320
TF93,590,330
TF94,590,340
TR01,600,110
TR02,600,120
TR03,600,130
TR04,600,140
TR05,600,150
TR06,600,160
TR07,600,170
TR08,600,180
TR09,600,190
TM00,600,200
TM01,600,210
TM02,600,220
TM03,600,230
TM04,600,240
TM05,600,250
TM06,600,260
TM07,600,270
TM08,600,280
TM09,600,290
TG00,600,300
TG01,600,310
TG02,600,320
TG03,600,330
TG04,600,340
TR12,610,120
TR13,610,130
TR14,610,140
TR15,610,150
TR16,610,160
TM11,610,210
TM12,610,220
TM13,610,230
TM14,610,240
TM15,610,250
TM16,610,260
TM17,610,270
TM18,610,280
TM19,610,290
TG10,610,300
TG11,610,310
TG12,610,320
TG13,610,330
TG14,610,340
TR23,620,130
TR24,620,140
TR25,620,150
TR26,620,160
TR27,620,170
TM21,620,210
TM22,620,220
TM23,620,230
TM24,620,240
TM25,620,250
TM26,620,260
TM27,620,270
TM28,620,280
TM29,620,290
TG20,620,300
TG21,620,310
TG22,620,320
TG23,620,330
TG24,620,340
TR33,630,130
TR34,630,140
TR35,630,150
TR36,630,160
TR37,630,170
TM33,630,230
TM34,630,240
TM35,630,250
TM36,630,260
TM37,630,270
TM38,630,280
TM39,630,290
TG30,630,300
TG31,630,310
TG32,630,320
TG33,630,330
TR46,640,160
TR47,640,170
TM44,640,240
TM45,640,250
TM46,640,260
TM47,640,270
TM48,640,280
TM49,640,290
TG40,640,300
TG41,640,310
TG42,640,320
TM57,650,270
TM58,650,280
TM59,650,290
TG50,650,300
TG51,650,310